Retailer_ID;Retailer_Channel;Retailer_Name;City;Region;Area;Country;Distance_from_Warehouse
1;Small chain store;1893 Shops;Loundsley Green Ward;Derbyshire;East Midlands;England;55
2;Franchise;A 1 Plumbers Supply;Abbey Ward;Buckinghamshire;South East;England;160
3;Supermarket;A 1 Plumbers Supply;Astley Bridge Ward;Greater Manchester;North West;England;75
4;Franchise;A All In One Construction;Abbey Ward;Buckinghamshire;South East;England;160
5;Small chain store;A All In One Construction;Devizes;Wiltshire;South West;England;40
6;Small chain store;A B E Doors & Windows;Abbey Ward;Buckinghamshire;South East;England;160
7;Small chain store;A B E Doors & Windows;Loundsley Green Ward;Derbyshire;East Midlands;England;55
8;Local store;A F Supl Co Div Automtc Firing;Broxburn, Uphall and Winchburg;West Lothian;South East;Scotland;155
9;Supermarket;A O Hardee & Son Inc;Abbey Ward;Buckinghamshire;South East;England;160
10;Franchise;A O Hardee & Son Inc;Newquay;Cornwall;South West;England;95
11;Supermarket;A O J Mfg Corp;Abbey Ward;Buckinghamshire;South East;England;160
12;Local store;A O J Mfg Corp;Broxburn, Uphall and Winchburg;West Lothian;South East;Scotland;155
13;Franchise;Acc Automation Inc;Selston;Nottinghamshire;East Midlands;England;100
14;Franchise;Accurate Engraving Co;Abbey Ward;Buckinghamshire;South East;England;160
15;Supermarket;Accurate Engraving Co;Abbey Ward;Buckinghamshire;South East;England;160
16;Small chain store;Active Air Systems;Kirkby Stephen;Cumbria;North West;England;40
17;Local store;Active Air Systems;Letchworth South West Ward;Hertfordshire;East;England;35
18;Small chain store;Advanced Data Systems;Howard Town Ward;Derbyshire;East Midlands;England;45
19;Franchise;Advanced Data Systems;Gresham Ward;Middlesbrough;North East;England;35
20;Franchise;Advanced Engineering Assocs;Abbey Road Ward;Greater London;London;England;35
21;Local store;Advanced Engineering Assocs;St. Stephens Ward;Kent;South East;England;40
22;Franchise;Advantage Bookkeeping;Shiney Row Ward;County Durham;North East;England;75
23;Local store;Advantage Title & Escrow Inc;Ruckinge;Kent;South East;England;115
24;Small chain store;Agopgee Enterprises Inc;Woodstock Ward;South Gloucestershire;South West;England;35
25;Franchise;Agopgee Enterprises Inc;Wakefield North Ward;West Yorkshire;Yorkshire and the Humber;England;10
26;Supermarket;Agri Business Insurance Agency;Abbey Ward;Buckinghamshire;South East;England;160
27;Supermarket;Agri Business Insurance Agency;Aylesbury;Buckinghamshire;South East;England;80
28;Local store;Air Tech Streamlining;Broxburn, Uphall and Winchburg;West Lothian;South East;Scotland;155
29;Franchise;Alan D Rosenburg Cpa Pc;Parwich;Derbyshire;East Midlands;England;175
30;Small chain store;Alan D Rosenburg Cpa Pc;St. Stephens Ward;Kent;South East;England;40
31;Local store;Alaska State Troopers;Aldborough Ward;Greater London;London;England;35
32;Local store;Alden, Michael H Esq;Carbrooke;Norfolk;East;England;205
33;Franchise;Alden, Michael H Esq;Lye and Stourbridge North Ward;West Midlands;West Midlands;England;25
34;Franchise;All County Inc;Abbey Ward;Buckinghamshire;South East;England;160
35;Small chain store;All County Inc;Loundsley Green Ward;Derbyshire;East Midlands;England;55
36;Franchise;Allgood Industries;Abbey Ward;Buckinghamshire;South East;England;160
37;Local store;Allgood Industries;Lancing;West Sussex;South East;England;25
38;Small chain store;Alliance Construction Co Inc;Loundsley Green Ward;Derbyshire;East Midlands;England;55
39;Local store;Allied Plastics;Treorchy Community;Rhondda Cynon Taff;South;Wales;70
40;Franchise;Allied Plastics;Maybury and Sheerwater Ward;Surrey;South East;England;60
41;Supermarket;Alphabetland Pre School Center;Carbrooke;Norfolk;East;England;205
42;Supermarket;Alphabetland Pre School Center;Bargate Ward;Southampton;South East;England;35
43;Franchise;Alternative Collection Svc Inc;Abbey Ward;Buckinghamshire;South East;England;160
44;Franchise;Alternative Collection Svc Inc;Darnall Ward;South Yorkshire;Yorkshire and the Humber;England;85
45;Small chain store;American Fine Foods Inc;Desborough;Northamptonshire;East Midlands;England;50
46;Local store;Anstoetter, Mark D Esq;Howard Town Ward;Derbyshire;East Midlands;England;45
47;Supermarket;Applied Robotic Tech Inc;Abbey Ward;Buckinghamshire;South East;England;160
48;Supermarket;Arctic Star Distributing Inc;Abbey Ward;Buckinghamshire;South East;England;160
49;Local store;Arctic Star Distributing Inc;Parkham;Devon;South West;England;90
50;Franchise;Ardent Studios Inc;Staple Hill Ward;South Gloucestershire;South West;England;60
51;Franchise;Ardrox;Sefton;Merseyside;North West;England;40
52;Local store;Arias, Michele Ann Md;Whittington;Shropshire;West Midlands;England;25
53;Supermarket;Association Of Art Museum Dir;Abbey Ward;Buckinghamshire;South East;England;160
54;Local store;Association Of Art Museum Dir;Broxburn, Uphall and Winchburg;West Lothian;South East;Scotland;155
55;Franchise;Atc Power Systems;Parwich;Derbyshire;East Midlands;England;175
56;Franchise;Atec;Forth Ward;City of Edinburgh;South East;Scotland;85
57;Small chain store;Atec;Devizes;Wiltshire;South West;England;40
58;Small chain store;Audrey M Borland Studios;Abbey Ward;Buckinghamshire;South East;England;160
59;Local store;Austin Periodical Services;Parwich;Derbyshire;East Midlands;England;175
60;Local store;Auto Body Color;Woodstock Ward;South Gloucestershire;South West;England;35
61;Local store;Automation Engrg & Mfg Inc;St. Enoder;Cornwall;South West;England;30
62;Local store;Automation Engrg & Mfg Inc;East Putney Ward;Greater London;London;England;70
63;Franchise;Avante Limited;Abbey Ward;Buckinghamshire;South East;England;160
64;Supermarket;Aviation Insurance Inc;East Putney Ward;Greater London;London;England;70
65;Local store;Aviation Insurance Inc;Carbrooke;Norfolk;East;England;205
66;Franchise;B & S Tool And Cutter Svc Inc;Kirkby Stephen;Cumbria;North West;England;40
67;Franchise;B & S Tool And Cutter Svc Inc;Carbrooke;Norfolk;East;England;205
68;Small chain store;Barajas & Bustamante Archl;Abbey Ward;Buckinghamshire;South East;England;160
69;Local store;Barajas & Bustamante Archl;Ryde;Isle of Wight;South East;England;40
70;Franchise;Barker Electronics;Carbrooke;Norfolk;East;England;205
71;Franchise;Barnett Industries Inc;Abbey Ward;Buckinghamshire;South East;England;160
72;Small chain store;Barnett Industries Inc;Abbey Ward;Buckinghamshire;South East;England;160
73;Supermarket;Barnett Travel;Abbey Ward;Buckinghamshire;South East;England;160
74;Franchise;Barnett Travel;Aldborough Ward;Greater London;London;England;35
75;Small chain store;Barr, Albert S Iii;Loundsley Green Ward;Derbyshire;East Midlands;England;55
76;Franchise;Bauer Coatings;Parwich;Derbyshire;East Midlands;England;175
77;Small chain store;Bayou Welding Works Inc;Loundsley Green Ward;Derbyshire;East Midlands;England;55
78;Supermarket;Bedford Books St Martins Prs;Middlewich;Cheshire East;North West;England;60
79;Franchise;Bedford Books St Martins Prs;Abbey Road Ward;Greater London;London;England;35
80;Franchise;Bell Service Systems Inc;Brimpton;West Berkshire;South East;England;35
81;Supermarket;Bender & Associates;Abbey Ward;Buckinghamshire;South East;England;160
82;Supermarket;Benitez, Brigida Esq;Letchworth South West Ward;Hertfordshire;East;England;35
83;Franchise;Benitez, Brigida Esq;Hawerby cum Beesby;Lincolnshire;East Midlands;England;40
84;Small chain store;Berg, Michael D Esq;Parkham;Devon;South West;England;90
85;Supermarket;Berg, Michael D Esq;Burmantofts and Richmond Hill ;West Yorkshire;Yorkshire and the Humber;England;40
86;Small chain store;Berick, Joseph G Esq;Marldon;Devon;South West;England;45
87;Franchise;Berick, Joseph G Esq;Kilmersdon;Somerset;South West;England;70
88;Franchise;Berry, John M Esq;Llangeler Community;Ceredigion;West;Wales;50
89;Franchise;Berry, John M Esq;Warlingham;Surrey;South East;England;50
90;Small chain store;Best Western Caprock Inn;Shard End Ward;West Midlands;West Midlands;England;120
91;Small chain store;Best Western Riverview Inn;Abbey Ward;Buckinghamshire;South East;England;160
92;Franchise;Best Western Riverview Inn;Farnham;Surrey;South East;England;55
93;Franchise;Best Wstrn Host Mtr Htl Palm;Shiney Row Ward;County Durham;North East;England;75
94;Supermarket;Bethesda Gazette;Hawerby cum Beesby;Lincolnshire;East Midlands;England;40
95;Local store;Bfg Federal Credit Union;Marldon;Devon;South West;England;45
96;Franchise;Bilar Tool & Die Inc;Abbey Ward;Buckinghamshire;South East;England;160
97;Local store;Bilar Tool & Die Inc;Colnbrook with Poyle;Buckinghamshire;South East;England;55
98;Local store;Bizerba Usa Inc;Carbrooke;Norfolk;East;England;205
99;Local store;Bizerba Usa Inc;Staple Hill Ward;South Gloucestershire;South West;England;60
100;Small chain store;Blaineco Structural Movers;Westgate Ward;Gloucestershire;South West;England;50
101;Franchise;Blaineco Structural Movers;Maybury and Sheerwater Ward;Surrey;South East;England;60
102;Franchise;Blanton, Mary R Attorney;Abbey Ward;Buckinghamshire;South East;England;160
103;Franchise;Blanton, Mary R Attorney;Newquay;Cornwall;South West;England;95
104;Franchise;Bohs Well Drilling Inc;East Putney Ward;Greater London;London;England;70
105;Supermarket;Bohs Well Drilling Inc;Whittington;Shropshire;West Midlands;England;25
106;Supermarket;Bomarko Inc;Letchworth South West Ward;Hertfordshire;East;England;35
107;Local store;Bomarko Inc;Eccleston Ward;Merseyside;North West;England;60
108;Supermarket;Bork, Terry D Esq;St. Enoder;Cornwall;South West;England;30
109;Local store;Bork, Terry D Esq;South Ward;North East Lincolnshire;Yorkshire and the Humber;England;60
110;Small chain store;Borton Petrini & Conron;Abbey Ward;Buckinghamshire;South East;England;160
111;Franchise;Brady, Brad J Esq;Carbrooke;Norfolk;East;England;205
112;Franchise;Brady, Brad J Esq;Shard End Ward;West Midlands;West Midlands;England;35
113;Supermarket;Bremer, Duncan S Esq;St. Gluvias;Cornwall;South West;England;55
114;Franchise;Bremer, Duncan S Esq;Carbrooke;Norfolk;East;England;205
115;Franchise;Brenner, Steven G Esq;Westgate Ward;Gloucestershire;South West;England;50
116;Franchise;Brewster Wallcoverings Co;Marldon;Devon;South West;England;45
117;Small chain store;Brewster Wallcoverings Co;Franche Ward;Worcestershire;West Midlands;England;35
118;Franchise;Bridger Valley General Store;Abbey Ward;Buckinghamshire;South East;England;160
119;Supermarket;Bridgeway Plan For Health;Prestatyn Community;Denbighshire;North East;Wales;55
120;Supermarket;Bridgeway Plan For Health;Marldon;Devon;South West;England;45
121;Local store;Budget Annex;Carbrooke;Norfolk;East;England;205
122;Franchise;Burgess Steel Products Corp;Loundsley Green Ward;Derbyshire;East Midlands;England;55
123;Local store;Burgess Steel Products Corp;New Milton;Hampshire;South East;England;35
124;Franchise;Burlington Co Library;South Ward;North East Lincolnshire;Yorkshire and the Humber;England;60
125;Supermarket;Burlington Co Library;Warlingham;Surrey;South East;England;50
126;Supermarket;C C Industries;Warlingham;Surrey;South East;England;50
127;Franchise;C C Industries;Steornabhagh a Deas Ward;Western Isles;North West;Scotland;50
128;Franchise;C G Mccullough Insurance Agcy;East Putney Ward;Greater London;London;England;70
129;Franchise;C Leasing Company;Abbey Ward;Buckinghamshire;South East;England;160
130;Supermarket;C Leasing Company;Carbrooke;Norfolk;East;England;205
131;Franchise;Cain, John M Esq;Abbey Ward;Buckinghamshire;South East;England;160
132;Local store;Cain, John M Esq;Carbrooke;Norfolk;East;England;205
133;Small chain store;Callender, William C Esq;Sawston;Cambridgeshire;East;England;5
134;Small chain store;Callender, William C Esq;Loundsley Green Ward;Derbyshire;East Midlands;England;55
135;Local store;Canterbury, Christopher C;Carbrooke;Norfolk;East;England;205
136;Local store;Canterbury, Christopher C;Castle Ward;West Sussex;South East;England;40
137;Supermarket;Cap Gemini America;Abbey Ward;Buckinghamshire;South East;England;160
138;Supermarket;Cap Gemini America;Dee Ward;Dumfries and Galloway;South West;Scotland;35
139;Supermarket;Capital Fasteners Inc;Overton Ward;Lancashire;North West;England;65
140;Supermarket;Capital Thrpy & Spts Medcn Inc;Abbey Ward;Buckinghamshire;South East;England;160
141;Local store;Capital Thrpy & Spts Medcn Inc;Carbrooke;Norfolk;East;England;205
142;Franchise;Capitol Cadillac Company;Eaton Park Ward;Stoke-on-Trent;West Midlands;England;40
143;Local store;Capitol Cadillac Company;Aldridge Central and South War;West Midlands;West Midlands;England;10
144;Local store;Cappello, A Barry Esq;Carbrooke;Norfolk;East;England;205
145;Small chain store;Captain Copy;Birchington;Kent;South East;England;30
146;Local store;Captain Copy;Broxburn, Uphall and Winchburg;West Lothian;South East;Scotland;155
147;Supermarket;Carlin, Angela G Esq;Stanhope;County Durham;North East;England;25
148;Local store;Carlin, Angela G Esq;Broxburn, Uphall and Winchburg;West Lothian;South East;Scotland;155
149;Supermarket;Cash 4 Checks;Abbey Ward;Buckinghamshire;South East;England;160
150;Local store;Cash 4 Checks;St. Stephens Ward;Kent;South East;England;40
151;Franchise;Cavuto, John A;Abbey Ward;Buckinghamshire;South East;England;160
152;Local store;Cavuto, John A;Aldridge Central and South War;West Midlands;West Midlands;England;10
153;Franchise;Center For Pediatrics;Abbey Ward;Buckinghamshire;South East;England;160
154;Local store;Central Hrdwr & Elec Corp;Parwich;Derbyshire;East Midlands;England;175
155;Small chain store;Central Hrdwr & Elec Corp;Steornabhagh a Deas Ward;Western Isles;North West;Scotland;50
156;Franchise;Champagne Room;Greets Green and Lyng Ward;West Midlands;West Midlands;England;65
157;Supermarket;Champagne Room;Castle Ward;West Sussex;South East;England;40
158;Small chain store;Charles S Cavadini Cic;Loundsley Green Ward;Derbyshire;East Midlands;England;55
159;Supermarket;Charles S Cavadini Cic;Broxburn, Uphall and Winchburg;West Lothian;South East;Scotland;65
160;Franchise;Charlotte Chamber;Town Ward;Greater London;London;England;55
161;Local store;Charlotte Chamber;Carbrooke;Norfolk;East;England;205
162;Franchise;Cheek, John D Esq;Parwich;Derbyshire;East Midlands;England;175
163;Franchise;Chemical Consultants;Abbey Ward;Buckinghamshire;South East;England;160
164;Supermarket;Chile Pepper Magazine;Saffron Walden;Essex;East;England;80
165;Supermarket;Chile Pepper Magazine;Hawerby cum Beesby;Lincolnshire;East Midlands;England;40
166;Franchise;Chomsky, Charles Esq;Abbey Ward;Buckinghamshire;South East;England;160
167;Local store;Chomsky, Charles Esq;Carbrooke;Norfolk;East;England;205
168;Supermarket;Chuckmaster Co;Loundsley Green Ward;Derbyshire;East Midlands;England;55
169;Franchise;Chuckmaster Co;Carbrooke;Norfolk;East;England;205
170;Supermarket;Cia Inspection;St. Enoder;Cornwall;South West;England;30
171;Supermarket;Cinemax Cable Pay Tv Svce;Abbey Ward;Buckinghamshire;South East;England;160
172;Supermarket;Cinemax Cable Pay Tv Svce;Franche Ward;Worcestershire;West Midlands;England;35
173;Local store;Ciocia, James A Esq;Brockley Ward;Greater London;London;England;30
174;Franchise;Clarke, James H Esq;Renfrew South & Gallowhill War;Dunbartonshire;West Central;Scotland;35
175;Supermarket;Clifford Standifer & Mcdowell;East Putney Ward;Greater London;London;England;70
176;Small chain store;Clifford Standifer & Mcdowell;Darnall Ward;South Yorkshire;Yorkshire and the Humber;England;85
177;Franchise;Coastal Technologies;Carbrooke;Norfolk;East;England;205
178;Franchise;Coastal Technologies;Bargate Ward;Southampton;South East;England;35
179;Franchise;Cohen And Fromm Pc;Abbey Ward;Buckinghamshire;South East;England;160
180;Local store;Combs Sheetmetal;Bishop Auckland;County Durham;North East;England;30
181;Local store;Combs Sheetmetal;Conisbrough and Denaby Ward;South Yorkshire;Yorkshire and the Humber;England;70
182;Small chain store;Computemp;Abbey Ward;Buckinghamshire;South East;England;160
183;Local store;Computemp;Carbrooke;Norfolk;East;England;205
184;Supermarket;Computer Security Cnslnts Inc;Whittington;Shropshire;West Midlands;England;25
185;Franchise;Consolidated Aluminum;Town Ward;Greater London;London;England;55
186;Local store;Container Decorating Inc;Woodstock Ward;South Gloucestershire;South West;England;35
187;Franchise;Cooper Electric Supply Co;Parwich;Derbyshire;East Midlands;England;175
188;Local store;Cooper Electric Supply Co;Meads Ward;East Sussex;South East;England;110
189;Small chain store;Cooper Myers Y Co;South Ward;North East Lincolnshire;Yorkshire and the Humber;England;60
190;Local store;Cooper Myers Y Co;Broxburn, Uphall and Winchburg;West Lothian;South East;Scotland;155
191;Franchise;Council Of Cmnty Blood Ctrs;Abbey Ward;Buckinghamshire;South East;England;160
192;Franchise;Council Of Cmnty Blood Ctrs;Hawerby cum Beesby;Lincolnshire;East Midlands;England;40
193;Franchise;Country Kitchen;Abbey Ward;Buckinghamshire;South East;England;160
194;Small chain store;Creative Consultants;Dee Ward;Dumfries and Galloway;South West;Scotland;35
195;Supermarket;Creative Photography Inc;Abbey Ward;Buckinghamshire;South East;England;160
196;Local store;Creative Photography Inc;Marldon;Devon;South West;England;45
197;Franchise;Crossroads Travel Service Inc;Abbey Ward;Buckinghamshire;South East;England;160
198;Local store;Crossroads Travel Service Inc;Broxburn, Uphall and Winchburg;West Lothian;South East;Scotland;155
199;Supermarket;Crowan, Kenneth W Esq;East Southbourne and Tuckton W;Bournemouth;South West;England;20
200;Local store;Crowan, Kenneth W Esq;Broxburn, Uphall and Winchburg;West Lothian;South East;Scotland;155
201;Small chain store;Cullen, Jack J Esq;Loundsley Green Ward;Derbyshire;East Midlands;England;55
202;Franchise;Cumberland Vacuum Products;Lye and Stourbridge North Ward;West Midlands;West Midlands;England;25
203;Local store;Curtin, Patricia M Esq;Carbrooke;Norfolk;East;England;205
204;Local store;Curtin, Patricia M Esq;Broxburn, Uphall and Winchburg;West Lothian;South East;Scotland;155
205;Local store;Daily Advance;Broxburn, Uphall and Winchburg;West Lothian;South East;Scotland;155
206;Supermarket;Dale Yoder Clu Life Hlth & Bus;Parwich;Derbyshire;East Midlands;England;175
207;Franchise;Dale Yoder Clu Life Hlth & Bus;Longhill Ward;East Riding of Yorkshire;Yorkshire and the Humber;England;25
208;Small chain store;Dale, George F Esq;Hilton;Aberdeenshire;North East;Scotland;40
209;Franchise;Dan Dee Belt & Bag Co Inc;Abbey Ward;Buckinghamshire;South East;England;160
210;Small chain store;Dan Dee Belt & Bag Co Inc;Abbey Ward;Buckinghamshire;South East;England;160
211;Franchise;Danka Business Systems;Newquay;Cornwall;South West;England;95
212;Supermarket;Davis Commercial Contracting;Royal Hospital Ward;Greater London;London;England;30
213;Franchise;Demer Normann Smith Ltd;St. Marys Ward;Greater Manchester;North West;England;70
214;Small chain store;Denticator;Bintree;Norfolk;East;England;80
215;Small chain store;Denticator;Dunblane and Bridge of Allan W;Stirling;Central;Scotland;25
216;Small chain store;Dering, James E Esq;Llangeler Community;Ceredigion;West;Wales;50
217;Small chain store;Desktop Center;Abbey Ward;Buckinghamshire;South East;England;160
218;Local store;Desktop Center;Warlingham;Surrey;South East;England;50
219;Small chain store;Diamond Cbnts Div Wht Cons Ind;Abbey Ward;Buckinghamshire;South East;England;160
220;Franchise;Diamond Cbnts Div Wht Cons Ind;Maybury and Sheerwater Ward;Surrey;South East;England;60
221;Franchise;Diesel Recon;Parwich;Derbyshire;East Midlands;England;175
222;Franchise;Digital Solutions Inc;Launcells;Cornwall;South West;England;85
223;Supermarket;Dilling Harris Inc;Carbrooke;Norfolk;East;England;205
224;Local store;Direct Tools & Fasteners;Castle Ward;West Sussex;South East;England;40
225;Supermarket;Dohn Law Offices Inc Ps;Abbey Ward;Buckinghamshire;South East;England;160
226;Supermarket;Domestic Intrntl Techlgy Ltd;Abbey Ward;Buckinghamshire;South East;England;160
227;Franchise;Domestic Intrntl Techlgy Ltd;Darnall Ward;South Yorkshire;Yorkshire and the Humber;England;85
228;Supermarket;Don Allen & Associates Pa;Midway Ward;Derbyshire;East Midlands;England;35
229;Supermarket;Donald, G Nelson Esq;Letchworth South West Ward;Hertfordshire;East;England;35
230;Local store;Dorval Trading Co Ltd;Lymington and Pennington;Hampshire;South East;England;45
231;Franchise;Drubner, Norman S Esq;Abbey Ward;Buckinghamshire;South East;England;160
232;Local store;Drubner, Norman S Esq;Carbrooke;Norfolk;East;England;205
233;Supermarket;Duffield, Michael C;Dee Ward;Dumfries and Galloway;South West;Scotland;35
234;Franchise;Duffield, Michael C;Whittington;Shropshire;West Midlands;England;25
235;Supermarket;Dustbooks;St. Stephens Ward;Kent;South East;England;40
236;Local store;Dustbooks;Carbrooke;Norfolk;East;England;205
237;Franchise;Dworkin, Michael L;Bargate Ward;Southampton;South East;England;35
238;Supermarket;E Zaks & Co;Abbey Ward;Buckinghamshire;South East;England;160
239;Franchise;Eagle Newspapers;Carbrooke;Norfolk;East;England;205
240;Local store;Eagle Newspapers;Broxburn, Uphall and Winchburg;West Lothian;South East;Scotland;155
241;Franchise;East County Process;Stroud;Hampshire;South East;England;105
242;Supermarket;East County Process;Whittington;Shropshire;West Midlands;England;25
243;Small chain store;Ed Miniat Inc;Abbey Ward;Buckinghamshire;South East;England;160
244;Supermarket;Edgemere Finance Company;Abbey Ward;Buckinghamshire;South East;England;160
245;Supermarket;El Adobe Inn;Abbey Ward;Buckinghamshire;South East;England;160
246;Franchise;El Adobe Inn;Beeston West Ward;Nottinghamshire;East Midlands;England;140
247;Franchise;El Hispanic News;Abbey Ward;Buckinghamshire;South East;England;160
248;Local store;Elliott, John W Esq;East Southbourne and Tuckton W;Bournemouth;South West;England;20
249;Local store;Elliott, John W Esq;Letchworth South West Ward;Hertfordshire;East;England;35
250;Local store;Elmark Graphics Inc;Sawston;Cambridgeshire;East;England;5
251;Franchise;Elmark Graphics Inc;St. Enoder;Cornwall;South West;England;30
252;Small chain store;Em Building Products Inc;Conisbrough and Denaby Ward;South Yorkshire;Yorkshire and the Humber;England;70
253;Local store;Em Building Products Inc;Broxburn, Uphall and Winchburg;West Lothian;South East;Scotland;155
254;Franchise;Engelbrecht Ackerman & Hassman;Abbey Ward;Buckinghamshire;South East;England;160
255;Franchise;Engelbrecht Ackerman & Hassman;Weston-Super-Mare;North Somerset;South West;England;45
256;Supermarket;Ernest E Heuer & Company Pc;Abbey Ward;Buckinghamshire;South East;England;160
257;Franchise;Ernest E Heuer & Company Pc;Newport;Isle of Wight;South East;England;80
258;Franchise;Everythings A Dollar;Lancing;West Sussex;South East;England;25
259;Local store;Exhibit Crafts Inc;West End Ward;Greater London;London;England;35
260;Small chain store;Exhibit Crafts Inc;Carbrooke;Norfolk;East;England;205
261;Franchise;Fan Shop;Abbey Ward;Buckinghamshire;South East;England;160
262;Franchise;Fan Shop;Parwich;Derbyshire;East Midlands;England;175
263;Small chain store;Farber, Mindy Esq;Stroud;Hampshire;South East;England;105
264;Small chain store;Farmers Electric Co Op Inc;Loundsley Green Ward;Derbyshire;East Midlands;England;55
265;Franchise;Fashion Corner Inc;Hawerby cum Beesby;Lincolnshire;East Midlands;England;40
266;Supermarket;Fast Cash;Abbey Road Ward;Greater London;London;England;35
267;Local store;Fhk Corp;Sefton;Merseyside;North West;England;40
268;Small chain store;Fineshriber, Marilyn Esq;Abbey Ward;Buckinghamshire;South East;England;160
269;Franchise;Fineshriber, Marilyn Esq;Sawston;Cambridgeshire;East;England;5
270;Local store;Finlay, Joseph B Jr;Sawston;Cambridgeshire;East;England;5
271;Local store;Finlay, Joseph B Jr;Carbrooke;Norfolk;East;England;205
272;Supermarket;Finley Colmer & Co;Midway Ward;Derbyshire;East Midlands;England;35
273;Supermarket;Fire Protection Consultants;Abbey Ward;Buckinghamshire;South East;England;160
274;Franchise;Fire Protection Consultants;East Putney Ward;Greater London;London;England;70
275;Supermarket;First Ozaukee Savings Bank;Abbey Ward;Buckinghamshire;South East;England;160
276;Local store;First Ozaukee Savings Bank;Broxburn, Uphall and Winchburg;West Lothian;South East;Scotland;65
277;Franchise;Fitzgerald, Edward J;Abbey Ward;Buckinghamshire;South East;England;160
278;Franchise;Flash, Elena Salerno Esq;Parwich;Derbyshire;East Midlands;England;175
279;Franchise;Flash, Elena Salerno Esq;Marldon;Devon;South West;England;45
280;Small chain store;Fleetwood Area School District;St. Enoder;Cornwall;South West;England;30
281;Supermarket;Fox Vision Center;Abbey Ward;Buckinghamshire;South East;England;160
282;Franchise;Frankel, Stephen;Chichester;West Sussex;South East;England;20
283;Supermarket;Frankel, Stephen;Malmesbury;Wiltshire;South West;England;100
284;Franchise;Fred, Anthony Esq;Woodhall Farm Ward;Hertfordshire;East;England;45
285;Supermarket;Furey & Associates;Abbey Ward;Buckinghamshire;South East;England;160
286;Local store;Gallagher, John J Esq;Broxburn, Uphall and Winchburg;West Lothian;South East;Scotland;155
287;Small chain store;Gallagher, John J Esq;Chichester;West Sussex;South East;England;20
288;Supermarket;Galloway Electric Co Inc;Abbey Ward;Buckinghamshire;South East;England;160
289;Local store;Garton, Jeffrey P Esq;Broxburn, Uphall and Winchburg;West Lothian;South East;Scotland;155
290;Small chain store;Gavin, Lee W Esq;Central Buchan Ward;Aberdeenshire;North East;Scotland;90
291;Local store;Gavin, Lee W Esq;Whittington;Shropshire;West Midlands;England;25
292;Small chain store;Gemini Hats & Accessories Inc;Loundsley Green Ward;Derbyshire;East Midlands;England;55
293;Franchise;Gemini Hats & Accessories Inc;Letchworth South West Ward;Hertfordshire;East;England;35
294;Supermarket;General Appraisal Co;Abbey Ward;Buckinghamshire;South East;England;160
295;Small chain store;General Appraisal Co;Steornabhagh a Deas Ward;Western Isles;North West;Scotland;50
296;Supermarket;General Bindery Co Inc;Abbey Ward;Buckinghamshire;South East;England;160
297;Supermarket;General Truck Part & Equipment;Letchworth South West Ward;Hertfordshire;East;England;35
298;Local store;General Truck Part & Equipment;Conisbrough and Denaby Ward;South Yorkshire;Yorkshire and the Humber;England;70
299;Local store;Geneva Woods Professional Ctr;Brimpton;West Berkshire;South East;England;35
300;Supermarket;Geneva Woods Professional Ctr;Abbey Ward;Buckinghamshire;South East;England;160
301;Local store;Gerstenfeld, Gerald F Esq;Broxburn, Uphall and Winchburg;West Lothian;South East;Scotland;155
302;Local store;Gerstenfeld, Gerald F Esq;Burmantofts and Richmond Hill ;West Yorkshire;Yorkshire and the Humber;England;40
303;Franchise;Glass Express;Loundsley Green Ward;Derbyshire;East Midlands;England;55
304;Franchise;Godfroy, William Esq;Abbey Ward;Buckinghamshire;South East;England;160
305;Supermarket;Godfroy, William Esq;Malmesbury;Wiltshire;South West;England;100
306;Franchise;Goe, Douglas E Esq;Hawerby cum Beesby;Lincolnshire;East Midlands;England;40
307;Franchise;Goe, Douglas E Esq;Chichester;West Sussex;South East;England;20
308;Franchise;Goldberg, Stephen M Esq;Carbrooke;Norfolk;East;England;205
309;Franchise;Goodfellow Agency;Carbrooke;Norfolk;East;England;205
310;Small chain store;Goodfellow Agency;Carbrooke;Norfolk;East;England;205
311;Franchise;Goodspeed, Paul E Esq;West End Ward;Greater London;London;England;35
312;Local store;Goodspeed, Paul E Esq;Broxburn, Uphall and Winchburg;West Lothian;South East;Scotland;155
313;Small chain store;Graham, John A Esq;Loundsley Green Ward;Derbyshire;East Midlands;England;55
314;Local store;Graham, John A Esq;Aldborough Ward;Greater London;London;England;35
315;Local store;Granite Construction Co;Broxburn, Uphall and Winchburg;West Lothian;South East;Scotland;155
316;Franchise;Great Clips For Hair;Abbey Ward;Buckinghamshire;South East;England;160
317;Small chain store;Greater Cinc Schl Empl Crdt Un;Smallbridge and Firgrove Ward;Greater Manchester;North West;England;105
318;Supermarket;Greater Cinc Schl Empl Crdt Un;Chichester;West Sussex;South East;England;20
319;Supermarket;Green Point Savings Bank;Abbey Ward;Buckinghamshire;South East;England;160
320;Franchise;Green Point Savings Bank;Parwich;Derbyshire;East Midlands;England;175
321;Local store;Grt Amercn Fed Svngs & Ln Assn;Broxburn, Uphall and Winchburg;West Lothian;South East;Scotland;155
322;Local store;Grt Amercn Fed Svngs & Ln Assn;Wakefield North Ward;West Yorkshire;Yorkshire and the Humber;England;10
323;Supermarket;Guadalajara Bar & Grille;Laindon Park Ward;Essex;East;England;90
324;Local store;Guldstrand Engineering Inc;Broxburn, Uphall and Winchburg;West Lothian;South East;Scotland;155
325;Local store;Gulf Atlantic Equipment Co Inc;Carbrooke;Norfolk;East;England;205
326;Local store;Gulf Atlantic Equipment Co Inc;Warlingham;Surrey;South East;England;50
327;Small chain store;Guynes Design Inc;Loundsley Green Ward;Derbyshire;East Midlands;England;55
328;Franchise;Guynes Design Inc;Weston-Super-Mare;North Somerset;South West;England;45
329;Supermarket;Haar, Allen F;East Southbourne and Tuckton W;Bournemouth;South West;England;20
330;Local store;Haar, Allen F;Carbrooke;Norfolk;East;England;205
331;Franchise;Hall, Ronald A;Abbey Ward;Buckinghamshire;South East;England;160
332;Local store;Hall, Ronald A;Prittlewell Ward;Essex;East;England;45
333;Franchise;Hancock, John J Esq;Parwich;Derbyshire;East Midlands;England;175
334;Small chain store;Hancock, John J Esq;St. Stephens Ward;Kent;South East;England;40
335;Franchise;Haney, Tom C Md;Abbey Ward;Buckinghamshire;South East;England;160
336;Franchise;Haney, Tom C Md;Middlewich;Cheshire East;North West;England;60
337;Small chain store;Hardware Specialty Co Inc;Abbey Ward;Buckinghamshire;South East;England;160
338;Small chain store;Harmons;Abbey Ward;Buckinghamshire;South East;England;160
339;Local store;Harmons;Broxburn, Uphall and Winchburg;West Lothian;South East;Scotland;155
340;Franchise;Harris Oldsmobile Inc;Lancing;West Sussex;South East;England;25
341;Small chain store;Hasselberg, Michael R Esq;St. Georges Hill Ward;Surrey;South East;England;50
342;Franchise;Herculite Mason Supply Inc;Midway Ward;Derbyshire;East Midlands;England;35
343;Franchise;Hering, Glenn Z Esq;Abbey Ward;Buckinghamshire;South East;England;160
344;Local store;Hering, Glenn Z Esq;Newquay;Cornwall;South West;England;95
345;Small chain store;Herr Foods Inc;Abbey Ward;Buckinghamshire;South East;England;160
346;Franchise;Herr Foods Inc;Parwich;Derbyshire;East Midlands;England;175
347;Local store;Hirsch, Henry L Esq;Howard Town Ward;Derbyshire;East Midlands;England;45
348;Local store;Hirsch, Henry L Esq;Brockley Ward;Greater London;London;England;30
349;Franchise;Holiday House Apts;Cockerton West Ward;Darlington;North East;England;35
350;Supermarket;Holiday House Apts;Franche Ward;Worcestershire;West Midlands;England;35
351;Supermarket;Hollett, Byron P Esq;Eccleston Ward;Merseyside;North West;England;60
352;Supermarket;Holzgrafe, Roger E Esq;Abbey Ward;Buckinghamshire;South East;England;160
353;Local store;Holzgrafe, Roger E Esq;Newport;Isle of Wight;South East;England;80
354;Franchise;Hoolahan, Catherine G Esq;Lye and Stourbridge North Ward;West Midlands;West Midlands;England;25
355;Supermarket;Horizon Air Magazine;Steornabhagh a Deas Ward;Western Isles;North West;Scotland;50
356;Supermarket;Howard Johnson;St. Enoder;Cornwall;South West;England;30
357;Supermarket;Howland Machine Corp;Abbey Ward;Buckinghamshire;South East;England;160
358;Local store;Howland Machine Corp;Carbrooke;Norfolk;East;England;205
359;Small chain store;Hughlett, Henry T Jr;Central Ward;Lancashire;North West;England;80
360;Supermarket;Hughlett, Henry T Jr;Lye and Stourbridge North Ward;West Midlands;West Midlands;England;25
361;Franchise;Hungs;Walkergate Ward;Tyne and Wear;North East;England;75
362;Supermarket;Hydrick Law Offices;Abbey Ward;Buckinghamshire;South East;England;160
363;Local store;Hydrick Law Offices;Carbrooke;Norfolk;East;England;205
364;Franchise;Hyland, Richard S Esq;Abbey Ward;Buckinghamshire;South East;England;160
365;Small chain store;Ide Haigney & Radio;Abbey Ward;Buckinghamshire;South East;England;160
366;Supermarket;In Communications Inc;Laindon Park Ward;Essex;East;England;90
367;Franchise;In Communications Inc;Chirton Ward;Tyne and Wear;North East;England;130
368;Franchise;Indiana Electronics Corp;Maybury and Sheerwater Ward;Surrey;South East;England;60
369;Franchise;Industrial Engineering Assocs;Wilmington;Kent;South East;England;45
370;Local store;Industrial Engineering Assocs;Conisbrough and Denaby Ward;South Yorkshire;Yorkshire and the Humber;England;70
371;Supermarket;Inter American Press Assn;Franche Ward;Worcestershire;West Midlands;England;35
372;Supermarket;Inter American Press Assn;Longhill Ward;East Riding of Yorkshire;Yorkshire and the Humber;England;25
373;Franchise;Interdependence Associates Inc;Crompton Ward;Greater Manchester;North West;England;90
374;Small chain store;Interdependence Associates Inc;St. Stephens Ward;Kent;South East;England;40
375;Small chain store;Ithaca Guitar Works Inc;Midway Ward;Derbyshire;East Midlands;England;35
376;Local store;Ithaca Guitar Works Inc;Steornabhagh a Deas Ward;Western Isles;North West;Scotland;50
377;Franchise;J A Associates;Dee Ward;Dumfries and Galloway;South West;Scotland;35
378;Small chain store;J C S Machinery;Abbey Ward;Buckinghamshire;South East;England;160
379;Small chain store;J C S Machinery;Loundsley Green Ward;Derbyshire;East Midlands;England;55
380;Franchise;J T Painting Corp;Abbey Ward;Buckinghamshire;South East;England;160
381;Small chain store;Jackson & Heit Machine Co Inc;Kirkby Stephen;Cumbria;North West;England;40
382;Small chain store;Jackson & Heit Machine Co Inc;Darnall Ward;South Yorkshire;Yorkshire and the Humber;England;85
383;Supermarket;Jackson, Donald M Esq;Abbey Ward;Buckinghamshire;South East;England;160
384;Small chain store;Jackson, Donald M Esq;Loundsley Green Ward;Derbyshire;East Midlands;England;55
385;Local store;Jeanettes Drapery & Upholstery;East Southbourne and Tuckton W;Bournemouth;South West;England;20
386;Franchise;Jeanettes Drapery & Upholstery;Parwich;Derbyshire;East Midlands;England;175
387;Supermarket;Jeh Construction Co;Howard Town Ward;Derbyshire;East Midlands;England;45
388;Small chain store;Jim Dunnam Builder Inc;Loundsley Green Ward;Derbyshire;East Midlands;England;55
389;Local store;Jim Dunnam Builder Inc;Carbrooke;Norfolk;East;England;205
390;Local store;John Noda A Law Ofc Lawrence E;Carbrooke;Norfolk;East;England;205
391;Local store;John Noda A Law Ofc Lawrence E;Broxburn, Uphall and Winchburg;West Lothian;South East;Scotland;155
392;Franchise;Johnson, Matthew E Esq;Abbey Ward;Buckinghamshire;South East;England;160
393;Franchise;Jones, Brigham P Esq;Abbey Ward;Buckinghamshire;South East;England;160
394;Franchise;Jonson, Geo D Esq;Parwich;Derbyshire;East Midlands;England;175
395;Supermarket;Jonson, Geo D Esq;Parwich;Derbyshire;East Midlands;England;175
396;Supermarket;Joseph Victor & Son Inc;Renfrew South & Gallowhill War;Dunbartonshire;West Central;Scotland;35
397;Local store;Joseph Victor & Son Inc;City and Hunslet Ward;West Yorkshire;Yorkshire and the Humber;England;20
398;Small chain store;Jurdem, Scott Esq;North Tawton;Devon;South West;England;15
399;Franchise;K & R Associates Inc;Abbey Ward;Buckinghamshire;South East;England;160
400;Local store;K & R Associates Inc;Carbrooke;Norfolk;East;England;205
401;Local store;K C Products Co;Middlewich;Cheshire East;North West;England;60
402;Local store;K C Products Co;Carbrooke;Norfolk;East;England;205
403;Franchise;Karl May General Contractor;Carbrooke;Norfolk;East;England;205
404;Franchise;Kaysers Nutrition Center;Carbrooke;Norfolk;East;England;205
405;Local store;Kaysers Nutrition Center;Lye and Stourbridge North Ward;West Midlands;West Midlands;England;25
406;Franchise;Keller, Raymond C;Parwich;Derbyshire;East Midlands;England;175
407;Small chain store;Kelly, Mark C;Lye and Stourbridge North Ward;West Midlands;West Midlands;England;25
408;Local store;Kelly, Mark C;Castle Ward;West Sussex;South East;England;40
409;Franchise;Kennedy Scales Inc;Filwood Ward;Bristol;South West;England;35
410;Franchise;Kennedy Scales Inc;Longhill Ward;East Riding of Yorkshire;Yorkshire and the Humber;England;25
411;Franchise;Kenney Mfg Co;Shard End Ward;West Midlands;West Midlands;England;35
412;Small chain store;Kenyon, William R Esq;Chirton Ward;Tyne and Wear;North East;England;130
413;Small chain store;Kinkos Copies;Colnbrook with Poyle;Buckinghamshire;South East;England;55
414;Local store;Kiqo Pure Gold Oldies 104 Fm;Smallbridge and Firgrove Ward;Greater Manchester;North West;England;105
415;Local store;Kiqo Pure Gold Oldies 104 Fm;Bargate Ward;Southampton;South East;England;35
416;Local store;Kisc 98 Kiss Fm;Carbrooke;Norfolk;East;England;205
417;Small chain store;Kisc 98 Kiss Fm;Walkergate Ward;Tyne and Wear;North East;England;75
418;Local store;Kluza Associates;Millwall Ward;Greater London;London;England;95
419;Franchise;Kxlt Radio (k 108 Fm);East Southbourne and Tuckton W;Bournemouth;South West;England;20
420;Supermarket;Kxlt Radio (k 108 Fm);Abbey Ward;Buckinghamshire;South East;England;160
421;Supermarket;Kyes Tv Channel 5;Crompton Ward;Greater Manchester;North West;England;90
422;Supermarket;L & L Sales Co Inc;Marldon;Devon;South West;England;45
423;Local store;L & L Sales Co Inc;Bulwell Ward;Nottinghamshire;East Midlands;England;75
424;Small chain store;L & M Industrial Chemicals Inc;Abbey Ward;Buckinghamshire;South East;England;160
425;Small chain store;L & M Industrial Chemicals Inc;Ryde;Isle of Wight;South East;England;40
426;Franchise;L Winik & Associates Inc;Abbey Ward;Buckinghamshire;South East;England;160
427;Local store;L Winik & Associates Inc;St. Enoder;Cornwall;South West;England;30
428;Small chain store;Laitinen, Stephen B Esq;Laindon Park Ward;Essex;East;England;90
429;Local store;Laitinen, Stephen B Esq;Broxburn, Uphall and Winchburg;West Lothian;South East;Scotland;155
430;Small chain store;Las Vegas Art Museum;Westgate Ward;Gloucestershire;South West;England;50
431;Small chain store;Lasting Impressions;Abbey Ward;Buckinghamshire;South East;England;160
432;Supermarket;Lba Savings Bank;Abbey Ward;Buckinghamshire;South East;England;160
433;Franchise;Lba Savings Bank;Colnbrook with Poyle;Buckinghamshire;South East;England;55
434;Franchise;Lbt;Parwich;Derbyshire;East Midlands;England;175
435;Supermarket;Lbt;Lancing;West Sussex;South East;England;25
436;Supermarket;Lee, Stan Dvm;Abbey Ward;Buckinghamshire;South East;England;160
437;Local store;Lee, Stan Dvm;Aldborough Ward;Greater London;London;England;35
438;Local store;Leem Company Inc;Llangeler Community;Ceredigion;West;Wales;50
439;Local store;Lensbower, Gregory L Esq;Selston;Nottinghamshire;East Midlands;England;100
440;Franchise;Lensbower, Gregory L Esq;Darnall Ward;South Yorkshire;Yorkshire and the Humber;England;85
441;Supermarket;Levering, Charles B Esq;Abbey Ward;Buckinghamshire;South East;England;160
442;Supermarket;Levering, Charles B Esq;Steornabhagh a Deas Ward;Western Isles;North West;Scotland;50
443;Franchise;Levy Security Consultants Ltd;Abbey Ward;Buckinghamshire;South East;England;160
444;Franchise;Levy Security Consultants Ltd;Parwich;Derbyshire;East Midlands;England;175
445;Small chain store;Lindner Funds;Loundsley Green Ward;Derbyshire;East Midlands;England;55
446;Small chain store;Liss, Amy Esq;Loundsley Green Ward;Derbyshire;East Midlands;England;55
447;Supermarket;Looking Good;Astley Bridge Ward;Greater Manchester;North West;England;75
448;Supermarket;Lovitch, Alan F;Abbey Ward;Buckinghamshire;South East;England;160
449;Local store;Lovitch, Alan F;Broxburn, Uphall and Winchburg;West Lothian;South East;Scotland;155
450;Supermarket;Luby, Joseph K Esq;Dee Ward;Dumfries and Galloway;South West;Scotland;35
451;Local store;Lutz, Christopher T Esq;Central Buchan Ward;Aberdeenshire;North East;Scotland;90
452;Franchise;Lutz, Christopher T Esq;Parwich;Derbyshire;East Midlands;England;175
453;Franchise;Lykes Bros Inc;Westgate Ward;Gloucestershire;South West;England;50
454;Small chain store;Lynema, Cliff Cpa;Loundsley Green Ward;Derbyshire;East Midlands;England;55
455;Franchise;M A C Insurance Agency;Brooklands Ward;Greater Manchester;North West;England;75
456;Supermarket;M D & W Railway;Abbey Ward;Buckinghamshire;South East;England;160
457;Supermarket;M D & W Railway;Woodhall Farm Ward;Hertfordshire;East;England;45
458;Supermarket;Madaus, Gerald F Jr;Hawerby cum Beesby;Lincolnshire;East Midlands;England;40
459;Small chain store;Magic Valley Irrigation Supply;Prestatyn Community;Denbighshire;North East;Wales;55
460;Franchise;Mail Boxes Etc;Abbey Ward;Buckinghamshire;South East;England;160
461;Supermarket;Mail Boxes Etc;Abbey Ward;Buckinghamshire;South East;England;160
462;Local store;Mail Boxes Etc;Broxburn, Uphall and Winchburg;West Lothian;South East;Scotland;155
463;Supermarket;Mail Boxes Etc;Broxburn, Uphall and Winchburg;West Lothian;South East;Scotland;65
464;Franchise;Male Power Ltd;Abbey Ward;Buckinghamshire;South East;England;160
465;Small chain store;Manhattan Supply Co Deer Pk;Loundsley Green Ward;Derbyshire;East Midlands;England;55
466;Local store;Manhattan Supply Co Deer Pk;East Putney Ward;Greater London;London;England;70
467;Small chain store;Marine Safety International;Abbey Ward;Buckinghamshire;South East;England;160
468;Franchise;Marketing Horizons Inc;Brimpton;West Berkshire;South East;England;35
469;Supermarket;Marketing Horizons Inc;Abbey Ward;Buckinghamshire;South East;England;160
470;Franchise;Martin Morrissey;Abbey Ward;Buckinghamshire;South East;England;160
471;Franchise;Martin Morrissey;Howard Town Ward;Derbyshire;East Midlands;England;45
472;Franchise;Martin Morrissey;Darnall Ward;South Yorkshire;Yorkshire and the Humber;England;85
473;Local store;Mason Insurance Agency Inc;Weston-Super-Mare;North Somerset;South West;England;45
474;Franchise;Mata, Mario A Esq;Abbey Ward;Buckinghamshire;South East;England;160
475;Franchise;Matt Parrott & Sons Co;Abbey Ward;Buckinghamshire;South East;England;160
476;Local store;Matt Parrott & Sons Co;Broxburn, Uphall and Winchburg;West Lothian;South East;Scotland;155
477;Franchise;Max Video;Abbey Ward;Buckinghamshire;South East;England;160
478;Local store;Max Video;Carbrooke;Norfolk;East;England;205
479;Small chain store;Mayo, Timothy L Esq;Abbey Ward;Buckinghamshire;South East;England;160
480;Franchise;Mcallister & Murphy Pc;Parwich;Derbyshire;East Midlands;England;175
481;Local store;Mcallister & Murphy Pc;Broxburn, Uphall and Winchburg;West Lothian;South East;Scotland;155
482;Small chain store;Mccartney Printing Services;Bulwell Ward;Nottinghamshire;East Midlands;England;75
483;Small chain store;Mccartney Printing Services;Lancing;West Sussex;South East;England;25
484;Small chain store;Mcdonald Service Station;Loundsley Green Ward;Derbyshire;East Midlands;England;55
485;Local store;Mcdonald, Michael J Esq;Howard Town Ward;Derbyshire;East Midlands;England;45
486;Franchise;Mcdonald, Michael J Esq;Marldon;Devon;South West;England;45
487;Local store;Mcknight, H Vincent Jr;Broxburn, Uphall and Winchburg;West Lothian;South East;Scotland;155
488;Small chain store;Mcmahan Mcmahan & Brinkley;Llangeler Community;Ceredigion;West;Wales;50
489;Franchise;Mcmahan Mcmahan & Brinkley;Cilybebyll Community;Neath Port Talbot;South West;Wales;150
490;Small chain store;Mcmahan, Ben L;East Southbourne and Tuckton W;Bournemouth;South West;England;20
491;Local store;Mcmahan, Ben L;Hawerby cum Beesby;Lincolnshire;East Midlands;England;40
492;Supermarket;Meder, Randy F Cpa;Abbey Ward;Buckinghamshire;South East;England;160
493;Small chain store;Medlab Environmental Test Inc;Abbey Ward;Buckinghamshire;South East;England;160
494;Franchise;Meredith Paving Corp;Abbey Ward;Buckinghamshire;South East;England;160
495;Supermarket;Micro Lan;Carbrooke;Norfolk;East;England;205
496;Franchise;Miller Searl & Fitch;Abbey Ward;Buckinghamshire;South East;England;160
497;Small chain store;Miller, Martin M Esq;Loundsley Green Ward;Derbyshire;East Midlands;England;55
498;Supermarket;Miller, William E Iii;Bintree;Norfolk;East;England;80
499;Supermarket;Milton Terry Associates;Abbey Ward;Buckinghamshire;South East;England;160
500;Franchise;Mitchell Silliman Co Inc;East Putney Ward;Greater London;London;England;70
501;Supermarket;Mmm Design Group;Abbey Ward;Buckinghamshire;South East;England;160
502;Supermarket;Mmm Design Group;Bargate Ward;Southampton;South East;England;35
503;Franchise;Mnpls Arprt Marriott;Abbey Ward;Buckinghamshire;South East;England;160
504;Supermarket;Mnpls Arprt Marriott;Abbey Ward;Buckinghamshire;South East;England;160
505;Small chain store;Modern Plastics Corp;Loundsley Green Ward;Derbyshire;East Midlands;England;55
506;Local store;Modern Plastics Corp;Broxburn, Uphall and Winchburg;West Lothian;South East;Scotland;155
507;Franchise;Moorhead, Bridget Klein Esq;Aldborough Ward;Greater London;London;England;35
508;Franchise;Moorhead, Bridget Klein Esq;Warlingham;Surrey;South East;England;50
509;Small chain store;Morelli Hoskins Ford;Abbey Ward;Buckinghamshire;South East;England;160
510;Small chain store;Mouw & Celello Pc;St. Stephens Ward;Kent;South East;England;40
511;Local store;Mouw & Celello Pc;Carbrooke;Norfolk;East;England;205
512;Franchise;Mr Bar B Q Inc;Abbey Ward;Buckinghamshire;South East;England;160
513;Franchise;Mr Bar B Q Inc;Maybury and Sheerwater Ward;Surrey;South East;England;60
514;Franchise;Mueller Repro Blue Printg;Parwich;Derbyshire;East Midlands;England;175
515;Franchise;Mullins, Glen Esq;Stratfield Mortimer;West Berkshire;South East;England;75
516;Local store;Murray Whisnant Architects;Broxburn, Uphall and Winchburg;West Lothian;South East;Scotland;155
517;Small chain store;N Rockland Educl Fed Crdt Un;New Milton;Hampshire;South East;England;35
518;Local store;N Rockland Educl Fed Crdt Un;Carbrooke;Norfolk;East;England;205
519;Franchise;National Catholic Reporter;Abbey Ward;Buckinghamshire;South East;England;160
520;Franchise;National Lime Association;Ryde;Isle of Wight;South East;England;40
521;Franchise;National Lime Association;Warlingham;Surrey;South East;England;50
522;Supermarket;Nature Conservancy;South Ward;North East Lincolnshire;Yorkshire and the Humber;England;60
523;Local store;Nature Conservancy;Broxburn, Uphall and Winchburg;West Lothian;South East;Scotland;65
524;Franchise;Neeley, Gregory W Esq;Wollaton West Ward;Nottinghamshire;East Midlands;England;15
525;Supermarket;Neeley, Gregory W Esq;Norton Canes;Staffordshire;West Midlands;England;35
526;Franchise;Nelson & Paulson Chartered;Abbey Ward;Buckinghamshire;South East;England;160
527;Small chain store;Nelson & Paulson Chartered;Loundsley Green Ward;Derbyshire;East Midlands;England;55
528;Local store;Nelson Wright Haworth Golf Crs;Carbrooke;Norfolk;East;England;205
529;Supermarket;Nelsons Trmt & Pest Cntrl Co;Abbey Ward;Buckinghamshire;South East;England;160
530;Small chain store;New England Die Co Inc;Marldon;Devon;South West;England;45
531;Local store;New Jersey Tanning Co Inc;Carbrooke;Norfolk;East;England;205
532;Franchise;New Jersey Tanning Co Inc;St. Georges Hill Ward;Surrey;South East;England;50
533;Local store;New River Tire Company Inc;Newquay;Cornwall;South West;England;95
534;Local store;New York C Liquidators Inc;Ryde;Isle of Wight;South East;England;40
535;Local store;New York C Liquidators Inc;Carbrooke;Norfolk;East;England;205
536;Franchise;Newton Clerk;New Milton;Hampshire;South East;England;35
537;Small chain store;Newton Clerk;Carbrooke;Norfolk;East;England;205
538;Supermarket;Niagara Custombuilt Mfg Co;East Putney Ward;Greater London;London;England;70
539;Supermarket;Niagara Custombuilt Mfg Co;Weston-Super-Mare;North Somerset;South West;England;45
540;Local store;Nohr, Katharine M Esq;Broxburn, Uphall and Winchburg;West Lothian;South East;Scotland;155
541;Franchise;Norda, Beth Dorsey Esq;Overton Ward;Lancashire;North West;England;65
542;Local store;Novak, Alan Paul Esq;Carbrooke;Norfolk;East;England;205
543;Small chain store;Novak, Alan Paul Esq;City and Hunslet Ward;West Yorkshire;Yorkshire and the Humber;England;20
544;Local store;Nursefinders;Broxburn, Uphall and Winchburg;West Lothian;South East;Scotland;155
545;Supermarket;Office Service Co;Carbrooke;Norfolk;East;England;205
546;Franchise;Office Service Co;Castle Ward;West Sussex;South East;England;40
547;Supermarket;Olden Camera & Lens Co Inc;Abbey Ward;Buckinghamshire;South East;England;160
548;Franchise;Omni Mandalay;Abbey Ward;Buckinghamshire;South East;England;160
549;Local store;Omni Mandalay;Devizes;Wiltshire;South West;England;40
550;Small chain store;Oncor Inc;City and Hunslet Ward;West Yorkshire;Yorkshire and the Humber;England;20
551;Small chain store;Or Draymen & Warehousemans;Loundsley Green Ward;Derbyshire;East Midlands;England;55
552;Franchise;Or Draymen & Warehousemans;Chichester;West Sussex;South East;England;20
553;Franchise;Orkin Exterminating Co Inc;Abbey Road Ward;Greater London;London;England;35
554;Supermarket;Ottumwa Glass Co;Carbrooke;Norfolk;East;England;205
555;Franchise;Ottumwa Glass Co;City and Hunslet Ward;West Yorkshire;Yorkshire and the Humber;England;20
556;Small chain store;Owensboro Brick & Tile;Dee Ward;Dumfries and Galloway;South West;Scotland;35
557;Local store;Owensboro Brick & Tile;Carbrooke;Norfolk;East;England;205
558;Franchise;Pacific Coast Packaging;Loundsley Green Ward;Derbyshire;East Midlands;England;55
559;Local store;Pacific Coast Packaging;Carbrooke;Norfolk;East;England;205
560;Franchise;Packaging Corp Of America;Abbey Ward;Buckinghamshire;South East;England;160
561;Supermarket;Packaging Corp Of America;Loundsley Green Ward;Derbyshire;East Midlands;England;55
562;Franchise;Page, Patricia A Esq;Abbey Ward;Buckinghamshire;South East;England;160
563;Small chain store;Page, Patricia A Esq;Abbey Road Ward;Greater London;London;England;35
564;Supermarket;Pan Optx;Dee Ward;Dumfries and Galloway;South West;Scotland;35
565;Local store;Paralegal Personnel;Brockley Ward;Greater London;London;England;30
566;Local store;Paralegal Personnel;Carbrooke;Norfolk;East;England;205
567;Local store;Pathe Cmptr Cntrl Systems Corp;Parwich;Derbyshire;East Midlands;England;175
568;Supermarket;Pathe Cmptr Cntrl Systems Corp;Maybury and Sheerwater Ward;Surrey;South East;England;60
569;Small chain store;Penrose Place Pharmacy Inc;Sawston;Cambridgeshire;East;England;5
570;Local store;Penrose Place Pharmacy Inc;Carbrooke;Norfolk;East;England;205
571;Franchise;Percival, Mark R Esq;Midway Ward;Derbyshire;East Midlands;England;35
572;Franchise;Petaluma Area Chamber Commrce;Parkham;Devon;South West;England;90
573;Local store;Petaluma Area Chamber Commrce;Broxburn, Uphall and Winchburg;West Lothian;South East;Scotland;155
574;Franchise;Philosophical Rsrch Scty Bkstr;St. Marys Ward;Greater Manchester;North West;England;70
575;Local store;Philosophical Rsrch Scty Bkstr;Carbrooke;Norfolk;East;England;205
576;Franchise;Pigeon Falls State Bank;Parwich;Derbyshire;East Midlands;England;175
577;Local store;Pigeon Falls State Bank;Kempshott Ward;Hampshire;South East;England;55
578;Local store;Plaza Gourmet Delicatessen;Marldon;Devon;South West;England;45
579;Franchise;Poag Grain Inc;Abbey Ward;Buckinghamshire;South East;England;160
580;Small chain store;Port Delivery Systems;Midway Ward;Derbyshire;East Midlands;England;35
581;Small chain store;Portal Metal Products;Abbey Ward;Buckinghamshire;South East;England;160
582;Franchise;Portal Metal Products;Dunblane and Bridge of Allan W;Stirling;Central;Scotland;25
583;Local store;Posey Company;St. Ive;Cornwall;South West;England;40
584;Local store;Practical Periphrals;Carbrooke;Norfolk;East;England;205
585;Supermarket;Practical Periphrals;Catterick;North Yorkshire;Yorkshire and the Humber;England;40
586;Franchise;Praver, David L Esq;Brockley Ward;Greater London;London;England;30
587;Small chain store;Prg Company;Loundsley Green Ward;Derbyshire;East Midlands;England;55
588;Local store;Print Shop;City and Hunslet Ward;West Yorkshire;Yorkshire and the Humber;England;20
589;Supermarket;Pro Img Mktng & Pub Rel Inc;St. Stephens Ward;Kent;South East;England;40
590;Local store;Proctor & Associates Co;Cockerton West Ward;Darlington;North East;England;35
591;Franchise;Proctor & Associates Co;Broxburn, Uphall and Winchburg;West Lothian;South East;Scotland;65
592;Supermarket;Proto Tek Manufacturing;Chichester;West Sussex;South East;England;20
593;Small chain store;Prugh, Pamela J Cpa;Carbrooke;Norfolk;East;England;205
594;Franchise;Prugh, Pamela J Cpa;Lavenham;Suffolk;East;England;80
595;Small chain store;Putnam Co Inc;Carbrooke;Norfolk;East;England;205
596;Small chain store;Quantum Consultants Inc;Broxburn, Uphall and Winchburg;West Lothian;South East;Scotland;65
597;Local store;Radisson Suite Hotel;Llangeler Community;Ceredigion;West;Wales;50
598;Small chain store;Ramm Metals Inc;Loundsley Green Ward;Derbyshire;East Midlands;England;55
599;Supermarket;Real Estate Appraisals Inc;Abbey Ward;Buckinghamshire;South East;England;160
600;Small chain store;Real Isle Properties;Letchworth South West Ward;Hertfordshire;East;England;35
601;Supermarket;Red Giant Foods Inc;Greets Green and Lyng Ward;West Midlands;West Midlands;England;65
602;Local store;Regis Brd Pro Engrs & Land;Dee Ward;Dumfries and Galloway;South West;Scotland;35
603;Small chain store;Register Printing Co;East Southbourne and Tuckton W;Bournemouth;South West;England;20
604;Franchise;Register Printing Co;Abbey Ward;Buckinghamshire;South East;England;160
605;Small chain store;Reid, Carleton B Esq;Abbey Ward;Buckinghamshire;South East;England;160
606;Local store;Reid, Carleton B Esq;Cockerton West Ward;Darlington;North East;England;35
607;Franchise;Reliable Metalcraft Inc;Darnall Ward;South Yorkshire;Yorkshire and the Humber;England;85
608;Small chain store;Reliable Yard Service;South Ward;North East Lincolnshire;Yorkshire and the Humber;England;60
609;Small chain store;Reliable Yard Service;Maybury and Sheerwater Ward;Surrey;South East;England;60
610;Supermarket;Rex Internatl;Carbrooke;Norfolk;East;England;205
611;Franchise;Ric Lo Productions Ltd;Abbey Ward;Buckinghamshire;South East;England;160
612;Supermarket;Ric Lo Productions Ltd;Prittlewell Ward;Essex;East;England;45
613;Local store;Richard Mulholland Prop Inc;Wilmington;Kent;South East;England;45
614;Supermarket;Richard Mulholland Prop Inc;City and Hunslet Ward;West Yorkshire;Yorkshire and the Humber;England;20
615;Local store;Ringo International Inc;Carbrooke;Norfolk;East;England;205
616;Supermarket;Rittenhouse Motor Co;Dee Ward;Dumfries and Galloway;South West;Scotland;35
617;Franchise;Rittenhouse Motor Co;Castle Ward;West Sussex;South East;England;40
618;Franchise;Robert Vance Ltd;Abbey Ward;Buckinghamshire;South East;England;160
619;Supermarket;Rock Springs Petroleum Equip;Stanhope;County Durham;North East;England;25
620;Franchise;Rosati, Marc D Esq;St. Enoder;Cornwall;South West;England;30
621;Franchise;Rosati, Marc D Esq;Parwich;Derbyshire;East Midlands;England;175
622;Franchise;Rosenkrance, Brent;Abbey Ward;Buckinghamshire;South East;England;160
623;Small chain store;Rosenkrance, Brent;Loundsley Green Ward;Derbyshire;East Midlands;England;55
624;Franchise;Rotenstreich, H Andrew Esq;Howard Town Ward;Derbyshire;East Midlands;England;45
625;Local store;Rowley/hansell Petetin;Cockerton West Ward;Darlington;North East;England;35
626;Franchise;Rowley/hansell Petetin;Parwich;Derbyshire;East Midlands;England;175
627;Franchise;Ruello, Joseph F;Brimpton;West Berkshire;South East;England;35
628;Franchise;Ruello, Joseph F;Hawerby cum Beesby;Lincolnshire;East Midlands;England;40
629;Supermarket;Rug Gallery;Abbey Ward;Buckinghamshire;South East;England;160
630;Franchise;Rug Gallery;Weston-Super-Mare;North Somerset;South West;England;45
631;Franchise;Russell, Amelia Mosley Esq;Abbey Ward;Buckinghamshire;South East;England;160
632;Small chain store;Russell, Amelia Mosley Esq;Woodstock Ward;South Gloucestershire;South West;England;35
633;Franchise;Rust Evader Corp;Bishop Auckland;County Durham;North East;England;30
634;Small chain store;Rust Evader Corp;Ryde;Isle of Wight;South East;England;40
635;Supermarket;S M Copiers;Maybury and Sheerwater Ward;Surrey;South East;England;60
636;Franchise;Sadowski, Jeffrey A;Abbey Ward;Buckinghamshire;South East;England;160
637;Supermarket;Sadowski, Jeffrey A;Abbey Ward;Buckinghamshire;South East;England;160
638;Supermarket;Safeguard Chemical Corp;Woodstock Ward;South Gloucestershire;South West;England;35
639;Supermarket;Saint Thomas Creations;Abbey Ward;Buckinghamshire;South East;England;160
640;Local store;Saint Thomas Creations;Cockerton West Ward;Darlington;North East;England;35
641;Franchise;Sarrail Lynch & Hall;Abbey Ward;Buckinghamshire;South East;England;160
642;Franchise;Sarrail Lynch & Hall;Broxburn, Uphall and Winchburg;West Lothian;South East;Scotland;65
643;Small chain store;Sawyer, Robert M Esq;Loundsley Green Ward;Derbyshire;East Midlands;England;55
644;Supermarket;Sawyer, Robert M Esq;Gresham Ward;Middlesbrough;North East;England;35
645;Franchise;Schen, Sanford E Md;Aylesbury;Buckinghamshire;South East;England;80
646;Franchise;Schwartz, Thomas E Esq;Parwich;Derbyshire;East Midlands;England;175
647;Franchise;Schwartzbard, Gail L Esq;Newquay;Cornwall;South West;England;95
648;Small chain store;Schwartzbard, Gail L Esq;Loundsley Green Ward;Derbyshire;East Midlands;England;55
649;Supermarket;Schwend Signs;Abbey Ward;Buckinghamshire;South East;England;160
650;Local store;Schwend Signs;Castle Ward;West Sussex;South East;England;40
651;Local store;Scott Marlow Agency;Carbrooke;Norfolk;East;England;205
652;Franchise;Sdse Public Tv;Shiney Row Ward;County Durham;North East;England;75
653;Franchise;Sdse Public Tv;Parwich;Derbyshire;East Midlands;England;175
654;Franchise;Segall Majestic Inc;Abbey Ward;Buckinghamshire;South East;England;160
655;Local store;Segall Majestic Inc;Broxburn, Uphall and Winchburg;West Lothian;South East;Scotland;155
656;Franchise;Severt, Todd D Esq;Marldon;Devon;South West;England;45
657;Small chain store;Severt, Todd D Esq;Broxburn, Uphall and Winchburg;West Lothian;South East;Scotland;65
658;Local store;Shamrock Food Service;Broxburn, Uphall and Winchburg;West Lothian;South East;Scotland;155
659;Franchise;Shamrock Food Service;Lancing;West Sussex;South East;England;25
660;Local store;Shannon, Paul V Esq;Carbrooke;Norfolk;East;England;205
661;Franchise;Shannon, Paul V Esq;City and Hunslet Ward;West Yorkshire;Yorkshire and the Humber;England;20
662;Franchise;Sheplers Western Wear;Abbey Ward;Buckinghamshire;South East;England;160
663;Franchise;Sheplers Western Wear;Parwich;Derbyshire;East Midlands;England;175
664;Small chain store;Sheraton Inn Ocean Front;Parwich;Derbyshire;East Midlands;England;175
665;Franchise;Sheraton Inn Ocean Front;Catterick;North Yorkshire;Yorkshire and the Humber;England;40
666;Small chain store;Sherpa Corp;Abbey Ward;Buckinghamshire;South East;England;160
667;Supermarket;Sherpa Corp;Conisbrough and Denaby Ward;South Yorkshire;Yorkshire and the Humber;England;70
668;Franchise;Shirleys Print Shoppe;Abbey Ward;Buckinghamshire;South East;England;160
669;Local store;Shirleys Print Shoppe;Royal Hospital Ward;Greater London;London;England;30
670;Franchise;Shohet, Grace C Esq;Abbey Ward;Buckinghamshire;South East;England;160
671;Franchise;Shohet, Grace C Esq;Falmouth;Cornwall;South West;England;60
672;Small chain store;Sigmacom Corporation;Abbey Ward;Buckinghamshire;South East;England;160
673;Local store;Simpson, Fred B Esq;East Southbourne and Tuckton W;Bournemouth;South West;England;20
674;Franchise;Skuttle Mfg Co;Abbey Ward;Buckinghamshire;South East;England;160
675;Local store;Sm Toth Baldridge & Van Belkum;Broxburn, Uphall and Winchburg;West Lothian;South East;Scotland;155
676;Franchise;Smart Signs;Newquay;Cornwall;South West;England;95
677;Local store;Smart Signs;New Milton;Hampshire;South East;England;35
678;Local store;Smith & Dekay Ps;East Southbourne and Tuckton W;Bournemouth;South West;England;20
679;Franchise;Solomon Metals Inc;Stroud;Hampshire;South East;England;105
680;Small chain store;Sotorrio, Rene A Esq;Abbey Ward;Buckinghamshire;South East;England;160
681;Supermarket;Sotorrio, Rene A Esq;East Putney Ward;Greater London;London;England;70
682;Franchise;Sound Vision Corp;Abbey Ward;Buckinghamshire;South East;England;160
683;Local store;Sound Vision Corp;Broxburn, Uphall and Winchburg;West Lothian;South East;Scotland;155
684;Franchise;South Bldg Code Congres;Abbey Ward;Buckinghamshire;South East;England;160
685;Small chain store;Southern Interiors Inc;St. Enoder;Cornwall;South West;England;30
686;Franchise;Southwest Ms Shopg Bag;Weston-Super-Mare;North Somerset;South West;England;45
687;Franchise;Sport Toyota;Washington East Ward;Tyne and Wear;North East;England;75
688;Franchise;Storm Eye Institute;Newquay;Cornwall;South West;England;95
689;Local store;Storm Eye Institute;Letchworth South West Ward;Hertfordshire;East;England;35
690;Franchise;Strescon Industries Inc;Howard Town Ward;Derbyshire;East Midlands;England;45
691;Supermarket;Sun Toledo Refinery Co;Abbey Ward;Buckinghamshire;South East;England;160
692;Supermarket;Sun Toledo Refinery Co;South Ward;North East Lincolnshire;Yorkshire and the Humber;England;60
693;Franchise;Sunderland Publishing Co;Meads Ward;East Sussex;South East;England;110
694;Local store;Sunderland Publishing Co;Carbrooke;Norfolk;East;England;205
695;Small chain store;T C E Systems Inc;Broxburn, Uphall and Winchburg;West Lothian;South East;Scotland;65
696;Franchise;T J Boyle & Associates;Abbey Road Ward;Greater London;London;England;35
697;Local store;T J Boyle & Associates;Carbrooke;Norfolk;East;England;205
698;Local store;T J Ward & Associates Inc;St. Gluvias;Cornwall;South West;England;55
699;Franchise;Taos Valley Resort Assn;St. Stephens Ward;Kent;South East;England;40
700;Supermarket;Taos Valley Resort Assn;Conisbrough and Denaby Ward;South Yorkshire;Yorkshire and the Humber;England;70
701;Small chain store;Taylor Inn;Govan Ward;Glasgow City;West Central;Scotland;35
702;Supermarket;Tejas Loans;Ryde;Isle of Wight;South East;England;40
703;Small chain store;Teti, Louis N Esq;Abbey Ward;Buckinghamshire;South East;England;160
704;Franchise;Teti, Louis N Esq;Aldborough Ward;Greater London;London;England;35
705;Supermarket;Thompson, Chesney Md;Westgate Ward;Gloucestershire;South West;England;50
706;Franchise;Thompson, Chesney Md;South Ward;North East Lincolnshire;Yorkshire and the Humber;England;60
707;Franchise;Thompson, Michael C Esq;Desborough;Northamptonshire;East Midlands;England;50
708;Local store;Thompson, Michael C Esq;Broxburn, Uphall and Winchburg;West Lothian;South East;Scotland;155
709;Local store;Thornsjo, Dale O Esq;Ryde;Isle of Wight;South East;England;40
710;Franchise;Thornsjo, Dale O Esq;Wollaton West Ward;Nottinghamshire;East Midlands;England;15
711;Small chain store;Tiburon Pen Chmbr Commrce Inc;Lymington and Pennington;Hampshire;South East;England;45
712;Small chain store;Tiburon Pen Chmbr Commrce Inc;Broxburn, Uphall and Winchburg;West Lothian;South East;Scotland;65
713;Small chain store;Tiny Tots Originals Div;Abbey Ward;Buckinghamshire;South East;England;160
714;Franchise;Tiny Tots Originals Div;Parwich;Derbyshire;East Midlands;England;175
715;Small chain store;Tipton & Hurst;Abbey Ward;Buckinghamshire;South East;England;160
716;Franchise;Tipton & Hurst;Sawston;Cambridgeshire;East;England;5
717;Local store;Tool Service Company Inc;Broxburn, Uphall and Winchburg;West Lothian;South East;Scotland;155
718;Small chain store;Torrefazione Italia Inc;Brimpton;West Berkshire;South East;England;35
719;Franchise;Torrefazione Italia Inc;Abbey Ward;Buckinghamshire;South East;England;160
720;Franchise;Transbay Steel Corp;Abbey Ward;Buckinghamshire;South East;England;160
721;Local store;Transbay Steel Corp;Carbrooke;Norfolk;East;England;205
722;Franchise;Trautman, Eileen Esq;Parwich;Derbyshire;East Midlands;England;175
723;Franchise;Trautman, Eileen Esq;Broxburn, Uphall and Winchburg;West Lothian;South East;Scotland;65
724;Franchise;Tremont, Michael A Esq;Abbey Ward;Buckinghamshire;South East;England;160
725;Small chain store;Tremont, Michael A Esq;Loundsley Green Ward;Derbyshire;East Midlands;England;55
726;Franchise;Trico Prods Corp;Abbey Ward;Buckinghamshire;South East;England;160
727;Franchise;Trico Prods Corp;Parwich;Derbyshire;East Midlands;England;175
728;Local store;Twining Nemia & Steflik;New Milton;Hampshire;South East;England;35
729;Local store;Twining Nemia & Steflik;Carbrooke;Norfolk;East;England;205
730;Franchise;Typesetters;St. Ive;Cornwall;South West;England;40
731;Franchise;Typesetters;Weston-Super-Mare;North Somerset;South West;England;45
732;Local store;U S Sapporo A Inc;Llangeler Community;Ceredigion;West;Wales;50
733;Local store;U S Sapporo A Inc;Norton Canes;Staffordshire;West Midlands;England;35
734;Supermarket;Unique Epoxy;Ruckinge;Kent;South East;England;115
735;Franchise;Unique Epoxy;Newbold and Brownsover Ward;Warwickshire;West Midlands;England;80
736;Small chain store;Universal Case Co;Llangeler Community;Ceredigion;West;Wales;50
737;Franchise;Universal Case Co;Farnham;Surrey;South East;England;55
738;Franchise;Upper Deck Co;Brimpton;West Berkshire;South East;England;35
739;Franchise;Upper Deck Co;Shard End Ward;West Midlands;West Midlands;England;120
740;Small chain store;Valley Prodn Ctr For Vid & Aud;Loundsley Green Ward;Derbyshire;East Midlands;England;55
741;Franchise;Valley Prodn Ctr For Vid & Aud;Woodstock Ward;South Gloucestershire;South West;England;35
742;Franchise;Veri Nu Products Corp;Howard Town Ward;Derbyshire;East Midlands;England;45
743;Small chain store;Victory Coating;Abbey Ward;Buckinghamshire;South East;England;160
744;Supermarket;Victory Coating;Ryde;Isle of Wight;South East;England;40
745;Local store;Viking Lodge;Newbold and Brownsover Ward;Warwickshire;West Midlands;England;80
746;Local store;Viking Lodge;Broxburn, Uphall and Winchburg;West Lothian;South East;Scotland;155
747;Supermarket;Village Business Center;St. Ive;Cornwall;South West;England;40
748;Supermarket;Village Business Center;Cockerton West Ward;Darlington;North East;England;35
749;Supermarket;Visiting Nur Assn Ctrl Jersey;Abbey Ward;Buckinghamshire;South East;England;160
750;Franchise;Visiting Nur Assn Ctrl Jersey;Warlingham;Surrey;South East;England;50
751;Franchise;Wa Inst For Plcy Studies;Abbey Ward;Buckinghamshire;South East;England;160
752;Supermarket;Wa Inst For Plcy Studies;Abbey Ward;Buckinghamshire;South East;England;160
753;Franchise;Walker, Susan S Esq;Franche Ward;Worcestershire;West Midlands;England;35
754;Local store;Walker, Susan S Esq;Beeston West Ward;Nottinghamshire;East Midlands;England;140
755;Supermarket;Wallace, Bruce R Esq;Abbey Ward;Buckinghamshire;South East;England;160
756;Franchise;Wallace, Bruce R Esq;Darnall Ward;South Yorkshire;Yorkshire and the Humber;England;85
757;Local store;Waltons Carson Gardens;Launcells;Cornwall;South West;England;85
758;Supermarket;Watson, Richard I Md;Abbey Ward;Buckinghamshire;South East;England;160
759;Franchise;Watson, Richard I Md;Bargate Ward;Southampton;South East;England;35
760;Small chain store;Weiss Spirt & Guyer;Loundsley Green Ward;Derbyshire;East Midlands;England;55
761;Local store;Weiss Spirt & Guyer;Broxburn, Uphall and Winchburg;West Lothian;South East;Scotland;155
762;Small chain store;Welders Supply;Abbey Ward;Buckinghamshire;South East;England;160
763;Local store;Welders Supply;New Milton;Hampshire;South East;England;35
764;Franchise;Wenatchee Valley Fed Crdt Un;Letchworth South West Ward;Hertfordshire;East;England;35
765;Franchise;Western Packing Co;Franche Ward;Worcestershire;West Midlands;England;35
766;Local store;Westoaks Glass;Weston-Super-Mare;North Somerset;South West;England;45
767;Local store;Wilhelm, James E Jr;Brimpton;West Berkshire;South East;England;35
768;Local store;Wilhelm, James E Jr;Broxburn, Uphall and Winchburg;West Lothian;South East;Scotland;155
769;Franchise;William A Geppert True Value;St. Ive;Cornwall;South West;England;40
770;Supermarket;Wiltgen, Nancy A Esq;Abbey Ward;Buckinghamshire;South East;England;160
771;Franchise;Wise Industries;Brimpton;West Berkshire;South East;England;35
772;Supermarket;Wise Industries;New Milton;Hampshire;South East;England;35
773;Franchise;Wky Am 930 Stereo;Astley Bridge Ward;Greater Manchester;North West;England;75
774;Franchise;Wky Am 930 Stereo;Malmesbury;Wiltshire;South West;England;100
775;Franchise;Wmgl 101.7 Fm;Abbey Ward;Buckinghamshire;South East;England;160
776;Supermarket;Wmgl 101.7 Fm;Loundsley Green Ward;Derbyshire;East Midlands;England;55
777;Small chain store;Wnc Forklift Inc;Prestatyn Community;Denbighshire;North East;Wales;55
778;Franchise;Wnc Forklift Inc;Parwich;Derbyshire;East Midlands;England;175
779;Supermarket;Word & Image Workshop Inc;Chichester;West Sussex;South East;England;20
780;Franchise;Wrangle Hill Auto Auct & Slvg;Woodstock Ward;South Gloucestershire;South West;England;35
781;Franchise;Wrangle Hill Auto Auct & Slvg;Bargate Ward;Southampton;South East;England;35
782;Franchise;Wstu 1450 Am Radio Station;Abbey Ward;Buckinghamshire;South East;England;160
783;Small chain store;Wuhf Fox 31;Loundsley Green Ward;Derbyshire;East Midlands;England;55
784;Local store;Wuhf Fox 31;New Milton;Hampshire;South East;England;35
785;Small chain store;Young Door Company;Loundsley Green Ward;Derbyshire;East Midlands;England;55
786;Franchise;Young Door Company;Parwich;Derbyshire;East Midlands;England;175
